Draw id, Number of Tiers, apr, Total Yield Amount Out (usd), Total Liquidation Amount In (usd), Total Contrib (usd), Hook contrib (usd), POOL Vault Contrib. (usd), Start Draw Reward, Finish Draw Reward, tier0LiquidityRemaining, tier1LiquidityRemaining, tier2LiquidityRemaining, tier3LiquidityRemaining, tier4LiquidityRemaining, tier5LiquidityRemaining, tier6LiquidityRemaining, tier7LiquidityRemaining, tier8LiquidityRemaining, tier9LiquidityRemaining, tier10LiquidityRemaining, tier0PrizeSizes, tier1PrizeSizes, tier2PrizeSizes, tier3PrizeSizes, tier4PrizeSizes, tier5PrizeSizes, tier6PrizeSizes, tier7PrizeSizes, tier8PrizeSizes, tier9PrizeSizes, tier10PrizeSizes, tier0PrizeSizesUsd, tier1PrizeSizesUsd, tier2PrizeSizesUsd, tier3PrizeSizesUsd, tier4PrizeSizesUsd, tier5PrizeSizesUsd, tier6PrizeSizesUsd, tier7PrizeSizesUsd, tier8PrizeSizesUsd, tier9PrizeSizesUsd, tier10PrizeSizesUsd, tier0ClaimedPrizes, tier1ClaimedPrizes, tier2ClaimedPrizes, tier3ClaimedPrizes, tier4ClaimedPrizes, tier5ClaimedPrizes, tier6ClaimedPrizes, tier7ClaimedPrizes, tier8ClaimedPrizes, tier9ClaimedPrizes, tier10ClaimedPrizes, tier0ComputedPrizes, tier1ComputedPrizes, tier2ComputedPrizes, tier3ComputedPrizes, tier4ComputedPrizes, tier5ComputedPrizes, tier6ComputedPrizes, tier7ComputedPrizes, tier8ComputedPrizes, tier9ComputedPrizes, tier10ComputedPrizes
1,4,100000000000000000,$2123.845 USD,$1894.729 USD,$100894.729 USD, $99000.000 USD, $0.000 USD,722603585451958579,38538857890771115,12846285963590374400,12846285963590374400,513851438543614976,513851438543614976,0,0,0,0,0,0,0,6423142981795187200,1605785745448796800,16057857454487968,4014464363621992,0,0,0,0,0,0,0,$21196.371 USD,$5299.092 USD,$52.990 USD,$13.247 USD,,,,,,,,0,0,0,1,0,0,0,0,0,0,0,0,0,0,1,0,0,0,0,0,0,0
2,4,100000000000000000,$1096.619 USD,$999.886 USD,$32360.896 USD, $21154.956 USD, $10206.053 USD,128961782434728442,6877961729852195,15903157843524677700,9480014861729490500,3056871879934303300,122274875197372132,0,0,0,0,0,0,0,7951578921762338850,1185001857716186312,95527246247946978,955272462479469,0,0,0,0,0,0,0,$26240.210 USD,$3910.506 USD,$315.239 USD,$3.152 USD,,,,,,,,0,0,7,16,0,0,0,0,0,0,0,0,0,7,16,0,0,0,0,0,0,0
3,5,100000000000000000,$1096.919 USD,$999.886 USD,$7039.479 USD, $3461.560 USD, $2578.032 USD,16263790725781783,867402172041699,16417173945475308100,9994030963680120900,1851397549421887700,514016101950630400,20560644078025216,0,0,0,0,0,0,8208586972737654050,1249253870460015112,57856173419433990,4015750796489300,40157507964893,0,0,0,0,0,0,$27088.337 USD,$4122.537 USD,$190.925 USD,$13.251 USD,$0.132 USD,,,,,,,0,0,0,40,136,0,0,0,0,0,0,0,0,0,40,136,0,0,0,0,0,0
4,6,100000000000000000,$1097.220 USD,$999.886 USD,$1809.686 USD, $357.456 USD, $452.343 USD,2506509804385727,133680522900572,16522798062335011500,10099655080539824300,1957021666281591100,350584915445550700,105624116859703400,4224964674388136,0,0,0,0,0,8261399031167505750,1262456885067478037,61156927071299721,2738944651918364,206297103241608,2062971032416,0,0,0,0,0,$27262.616 USD,$4166.107 USD,$201.817 USD,$9.038 USD,$0.680 USD,$0.006 USD,,,,,,0,0,0,0,183,0,0,0,0,0,0,0,0,0,0,183,800,0,0,0,0,0
5,7,100000000000000000,$1097.521 USD,$999.886 USD,$1622.476 USD, $526.734 USD, $95.855 USD,2266879975281901,120900265348369,16650166243113465300,10227023261318278100,1962075992917445300,450563649704820500,5094727231138152,5094727231138152,0,0,0,0,0,8325083121556732650,1278377907664784762,61314874778670165,3520028513318910,9950639123316,2487659780829,0,0,0,0,0,$27472.774 USD,$4218.647 USD,$202.339 USD,$11.616 USD,$0.032 USD,$0.008 USD,$0.000 USD,,,,,0,0,1,37,160,0,0,0,0,0,0,0,0,1,37,160,632,0,0,0,0,0
6,6,100000000000000000,$1097.821 USD,$999.886 USD,$1361.696 USD, $243.595 USD, $118.214 USD,1281646840952090,68354498184112,16746181340699908400,10323038358904721200,1996776215725218200,342417093518761600,3840603903457724,3840603903457724,0,0,0,0,0,8373090670349954200,1290379794863090150,62399256741413068,2675133543115325,7501179498940,1875294874735,0,0,0,0,0,$27631.199 USD,$4258.253 USD,$205.917 USD,$8.827 USD,$0.024 USD,$0.006 USD,,,,,,0,0,0,53,227,0,0,0,0,0,0,0,0,0,53,227,865,0,0,0,0,0
7,6,100000000000000000,$1098.122 USD,$999.886 USD,$1187.473 USD, $96.986 USD, $90.599 USD,835254208081929,44546891097703,16829612555119732800,10406469573324545600,2080207430145042600,254639761179200400,3337248576792976,3337248576792976,0,0,0,0,0,8414806277559866400,1300808696665568200,65006482192032581,1989373134212503,6518063626548,1629515906637,0,0,0,0,0,$27768.860 USD,$4292.668 USD,$214.521 USD,$6.564 USD,$0.021 USD,$0.005 USD,,,,,,0,0,0,62,245,0,0,0,0,0,0,0,0,0,62,245,951,0,0,0,0,0
8,6,100000000000000000,$1098.423 USD,$999.886 USD,$1528.252 USD, $448.672 USD, $79.693 USD,802378576280907,42793524068315,16936475700727891900,10513332718932704700,2057057611369136500,232193653063540500,4274525824326364,4274525824326364,0,0,0,0,0,8468237850363945950,1314166589866588087,64283050355285515,1814012914558910,8348683250637,2087170812659,0,0,0,0,0,$27945.184 USD,$4336.749 USD,$212.134 USD,$5.986 USD,$0.027 USD,$0.006 USD,,,,,,0,0,1,52,187,0,0,0,0,0,0,0,0,1,52,187,692,0,0,0,0,0
9,6,100000000000000000,$1098.724 USD,$999.886 USD,$1428.531 USD, $325.639 USD, $103.005 USD,564688537362526,30116721992669,17036751547525178600,10613608565729991400,2028767357455852000,203674582927138200,4011033871891468,4011033871891468,0,0,0,0,0,8518375773762589300,1326701070716248925,63398979920495375,1591207679118267,7834050531038,1958512632759,0,0,0,0,0,$28110.640 USD,$4378.113 USD,$209.216 USD,$5.250 USD,$0.025 USD,$0.006 USD,,,,,,0,0,1,47,209,0,0,0,0,0,0,0,0,1,47,209,801,0,0,0,0,0
10,6,100000000000000000,$1099.025 USD,$999.886 USD,$1803.342 USD, $706.145 USD, $97.310 USD,532684592793783,28409844949004,17162875112603512600,10739732130808325400,1901295002852204400,231143271900137600,5044942603133360,5044942603133360,0,0,0,0,0,8581437556301756300,1342466516351040675,59415468839131387,1805806811719825,9853403521744,2463350880436,0,0,0,0,0,$28318.743 USD,$4430.139 USD,$196.071 USD,$5.959 USD,$0.032 USD,$0.008 USD,,,,,,0,0,0,48,164,0,0,0,0,0,0,0,0,0,48,164,659,0,0,0,0,0
11,6,100000000000000000,$1099.326 USD,$999.886 USD,$1497.283 USD, $374.386 USD, $123.010 USD,333578275435159,17790841356544,17268183411735156800,10845040429939969600,1947187833144717200,195598639717629600,4212331965265768,4212331965265768,0,0,0,0,0,8634091705867578400,1355630053742496200,60849619785772412,1528114372793981,8227210869659,2056802717414,0,0,0,0,0,$28492.502 USD,$4473.579 USD,$200.803 USD,$5.042 USD,$0.027 USD,$0.006 USD,,,,,,0,0,0,43,193,0,0,0,0,0,0,0,0,0,43,193,779,0,0,0,0,0
12,6,100000000000000000,$1099.627 USD,$999.886 USD,$1394.325 USD, $291.343 USD, $103.095 USD,232609404707302,12405834917725,17366094267349873300,10942951285554686100,1984249068973661200,200294518591912100,3916434224588660,3916434224588660,0,0,0,0,0,8683047133674936650,1367868910694335762,62007783405426912,1564800926499313,7649285594899,1912321398724,0,0,0,0,0,$28654.055 USD,$4513.967 USD,$204.625 USD,$5.163 USD,$0.025 USD,$0.006 USD,,,,,,0,0,0,41,175,0,0,0,0,0,0,0,0,0,41,175,838,0,0,0,0,0
13,6,100000000000000000,$1099.929 USD,$999.886 USD,$1183.593 USD, $87.583 USD, $96.123 USD,148395104909529,7914405595177,17449378327218436100,11026235345423248900,2067533128842224000,192820124723509700,3331362394742512,3331362394742512,0,0,0,0,0,8724689163609218050,1378279418177906112,64610410276319500,1506407224402419,6506567177231,1626641794307,0,0,0,0,0,$28791.474 USD,$4548.322 USD,$213.214 USD,$4.971 USD,$0.021 USD,$0.005 USD,,,,,,0,0,0,59,223,0,0,0,0,0,0,0,0,0,59,223,947,0,0,0,0,0
14,6,100000000000000000,$1100.230 USD,$999.886 USD,$1324.764 USD, $242.942 USD, $81.935 USD,124035662487807,6615235332685,17542195346996093000,11119052365200905800,2095739738343561400,187720674915004100,3712680791106276,3712680791106276,0,0,0,0,0,8771097673498046500,1389881545650113225,65491866823236293,1466567772773469,7251329670129,1812832417532,0,0,0,0,0,$28944.622 USD,$4586.609 USD,$216.123 USD,$4.839 USD,$0.023 USD,$0.005 USD,,,,,,0,0,0,60,209,0,0,0,0,0,0,0,0,0,60,209,800,0,0,0,0,0
15,6,100000000000000000,$1100.532 USD,$999.886 USD,$1163.788 USD, $72.444 USD, $91.457 USD,81971333875665,4371804473370,17623981878008623800,11200838896213436600,2177526269356092200,159514622969522400,3271461240501232,3271461240501232,0,0,0,0,0,8811990939004311900,1400104862026679575,68047695917377881,1246207991949393,6389572735353,1597393183838,0,0,0,0,0,$29079.570 USD,$4620.346 USD,$224.557 USD,$4.112 USD,$0.021 USD,$0.005 USD,,,,,,0,0,2,65,243,0,0,0,0,0,0,0,0,2,65,243,959,0,0,0,0,0
16,6,100000000000000000,$1100.833 USD,$999.886 USD,$1550.166 USD, $469.596 USD, $80.683 USD,81460136414766,4344540608789,17732350526057827900,11309207544262640700,2013704133735784700,180648711582268500,4334745921968164,4334745921968164,0,0,0,0,0,8866175263028913950,1413650943032830087,62928254179243271,1411318059236472,8466300628844,2116575157211,0,0,0,0,0,$29258.378 USD,$4665.048 USD,$207.663 USD,$4.657 USD,$0.027 USD,$0.006 USD,,,,,,0,0,0,34,161,0,0,0,0,0,0,0,0,0,34,161,703,0,0,0,0,0
17,6,100000000000000000,$1101.135 USD,$999.886 USD,$1421.337 USD, $314.449 USD, $107.001 USD,56304910085168,4003904717169,17832222475750194300,11409079493955007100,2050647829248907800,200075531898154400,3994877987694656,3994877987694656,0,0,0,0,0,8916111237875097150,1426134936744375887,64082744664028368,1563090092954331,7802496069716,1950624017429,0,0,0,0,0,$29423.167 USD,$4706.245 USD,$211.473 USD,$5.158 USD,$0.025 USD,$0.006 USD,,,,,,0,0,1,47,207,0,0,0,0,0,0,0,0,1,47,207,768,0,0,0,0,0
18,6,100000000000000000,$1101.437 USD,$999.886 USD,$1170.620 USD, $72.059 USD, $98.674 USD,34821575056743,250330419538449,17914576420536775900,11491433438741588700,2068919029371461000,187080981014517600,3294157791463264,3294157791463264,0,0,0,0,0,8957288210268387950,1436429179842698587,64653719667858156,1461570164175918,6433901936451,1608475484112,0,0,0,0,0,$29559.051 USD,$4740.216 USD,$213.357 USD,$4.823 USD,$0.021 USD,$0.005 USD,,,,,,0,0,1,66,237,0,0,0,0,0,0,0,0,1,66,237,964,0,0,0,0,0
19,6,100000000000000000,$1101.738 USD,$999.886 USD,$1104.532 USD, $24.056 USD, $80.589 USD,24594024834879,176805114215012,17992130445018462700,11568987463223275500,2081819334185289600,160863523839708400,3102160979267472,3102160979267472,0,0,0,0,0,8996065222509231350,1446123432902909437,65056854193290300,1256746279997721,6058908162631,1514727040657,0,0,0,0,0,$29687.015 USD,$4772.207 USD,$214.687 USD,$4.147 USD,$0.019 USD,$0.004 USD,,,,,,0,0,0,74,263,0,0,0,0,0,0,0,0,0,74,263,1012,0,0,0,0,0
20,6,100000000000000000,$1102.040 USD,$999.886 USD,$1084.274 USD, $8.274 USD, $76.113 USD,18090169978514,130049253454606,18068190409166168100,11645047427370980900,2157879298332995000,141410770707581000,3042398565908216,3042398565908216,0,0,0,0,0,9034095204583084050,1455630928421372612,67433728072906093,1104771646152976,5942184699039,1485546174759,0,0,0,0,0,$29812.514 USD,$4803.582 USD,$222.531 USD,$3.645 USD,$0.019 USD,$0.004 USD,,,,,,0,0,1,67,281,0,0,0,0,0,0,0,0,1,67,281,1018,0,0,0,0,0
21,6,100000000000000000,$1102.342 USD,$999.886 USD,$1074.697 USD, $0.000 USD, $74.810 USD,13441963208987,96633546416054,18143545900829307500,11720402919034120300,2165801061923228300,142746562078469400,3014219666525576,3014219666525576,0,0,0,0,0,9071772950414653750,1465050364879265037,67681283185100884,1115207516238042,5887147786182,1471786946545,0,0,0,0,0,$29936.850 USD,$4834.666 USD,$223.348 USD,$3.680 USD,$0.019 USD,$0.004 USD,,,,,,0,0,0,66,257,0,0,0,0,0,0,0,0,0,66,257,998,0,0,0,0,0
22,6,100000000000000000,$1102.644 USD,$999.886 USD,$1074.125 USD, $0.000 USD, $74.238 USD,10079972360540,72464376061051,18218890180170037200,11795747198374850000,2241145341263958000,144487145347484500,3013771173629188,3013771173629188,0,0,0,0,0,9109445090085018600,1474468399796856250,70035791914498687,1128805823027222,5886271823494,1471567955873,0,0,0,0,0,$30061.168 USD,$4865.745 USD,$231.118 USD,$3.725 USD,$0.019 USD,$0.004 USD,,,,,,0,0,1,63,275,0,0,0,0,0,0,0,0,1,63,275,996,0,0,0,0,0
23,6,100000000000000000,$1102.946 USD,$999.886 USD,$1074.205 USD, $0.000 USD, $74.318 USD,7558090299463,54334702335861,18294215633645077100,11871072651849889900,2246435002824499200,148697831971804500,3013018139001596,3013018139001596,0,0,0,0,0,9147107816822538550,1483884081481236237,70201093838265600,1161701812279722,5884801052737,1471200263184,0,0,0,0,0,$30185.455 USD,$4896.817 USD,$231.663 USD,$3.833 USD,$0.019 USD,$0.004 USD,,,,,,0,0,1,63,251,0,0,0,0,0,0,0,0,1,63,251,1011,0,0,0,0,0
24,6,100000000000000000,$1103.249 USD,$999.886 USD,$1074.254 USD, $0.000 USD, $74.367 USD,5671233195969,40770188681405,18369576506621041300,11946433524825854100,2251594781962197800,150871490774141300,3014434919038568,3014434919038568,0,0,0,0,0,9184788253310520650,1493304190603231762,70362336936318681,1178683521672978,5887568201247,1471892050311,0,0,0,0,0,$30309.801 USD,$4927.903 USD,$232.195 USD,$3.889 USD,$0.019 USD,$0.004 USD,,,,,,0,0,2,58,236,0,0,0,0,0,0,0,0,2,58,236,1002,0,0,0,0,0
25,6,100000000000000000,$1103.551 USD,$999.886 USD,$1074.340 USD, $0.000 USD, $74.454 USD,4254926501445,30588436464346,18444963984562725300,12021821002767538100,2186257586031244400,157895324458791300,3015499117667360,3015499117667360,0,0,0,0,0,9222481992281362650,1502727625345942262,68320549563476387,1233557222334307,5889646714194,1472411678548,0,0,0,0,0,$30434.190 USD,$4959.001 USD,$225.457 USD,$4.070 USD,$0.019 USD,$0.004 USD,,,,,,0,0,1,58,265,0,0,0,0,0,0,0,0,1,58,265,1031,0,0,0,0,0
26,6,100000000000000000,$1103.853 USD,$999.886 USD,$1299.852 USD, $225.447 USD, $74.518 USD,3850004518766,27677474233625,18535914911097800200,12112771929302613000,2140567413439366500,177299932098471000,3638037061402996,3638037061402996,0,0,0,0,0,9267957455548900100,1514096491162826625,66892731669980203,1385155719519304,7105541135552,1776385283888,0,0,0,0,0,$30584.259 USD,$4996.518 USD,$220.746 USD,$4.571 USD,$0.023 USD,$0.005 USD,,,,,,0,0,2,51,212,0,0,0,0,0,0,0,0,2,51,212,861,0,0,0,0,0
27,6,100000000000000000,$1104.156 USD,$999.886 USD,$6131.887 USD, $5042.063 USD, $89.937 USD,13508229104464,97109928354173,18961398724397376800,11024159251439362900,2432265763398982500,518289246507364200,17019352531983064,17019352531983064,0,0,0,0,0,9480699362198688400,1378019906429920362,76008305106218203,4049134738338782,33240922914029,8310230728507,0,0,0,0,0,$31286.307 USD,$4547.465 USD,$250.827 USD,$13.362 USD,$0.109 USD,$0.027 USD,,,,,,0,0,0,8,42,192,0,0,0,0,0,0,0,0,8,42,192,0,0,0,0,0
28,6,100000000000000000,$1104.458 USD,$999.886 USD,$2352.351 USD, $931.600 USD, $420.863 USD,4306446871068,23219110211066,19097043702159015100,11159804229201001200,2491902436054402500,415035274707013300,135644977761638300,5425799110465532,0,0,0,0,0,9548521851079507550,1394975528650125150,77871951126700078,3242463083648541,264931597190699,2649315971906,0,0,0,0,0,$31510.122 USD,$4603.419 USD,$256.977 USD,$10.700 USD,$0.874 USD,$0.008 USD,,,,,,0,0,0,1,153,0,0,0,0,0,0,0,0,0,1,153,615,0,0,0,0,0
29,7,100000000000000000,$1104.761 USD,$999.886 USD,$1238.954 USD, $104.869 USD, $134.197 USD,315396361875073,13357100346410,19201085792947105600,11263846319989091700,2595944526842493000,509349976244158000,4161683631523620,4161683631523620,0,0,0,0,0,9600542896473552800,1407980789998636462,81123266463827906,3979296689407484,8128288342819,2032072085704,0,0,0,0,0,$31681.791 USD,$4646.336 USD,$267.706 USD,$13.131 USD,$0.026 USD,$0.006 USD,$0.000 USD,,,,,0,0,0,60,241,0,0,0,0,0,0,0,0,0,60,241,922,0,0,0,0,0
30,6,100000000000000000,$1105.064 USD,$999.886 USD,$1474.405 USD, $372.602 USD, $101.916 USD,235113754566134,9957115528825,19304497370906427100,11367257897948413200,2618232838337986500,342169379323769500,4136463118372860,4136463118372860,0,0,0,0,0,9652248685453213550,1420907237243551650,81819776198062078,2673198275966949,8079029528071,2019757382017,0,0,0,0,0,$31852.420 USD,$4688.993 USD,$270.005 USD,$8.821 USD,$0.026 USD,$0.006 USD,,,,,,0,0,1,47,196,0,0,0,0,0,0,0,0,1,47,196,790,0,0,0,0,0
31,6,100000000000000000,$1105.366 USD,$999.886 USD,$1582.888 USD, $481.433 USD, $101.568 USD,189165984632038,8011218087096,19415433475024054400,11478194002066040500,2565529390059489600,263308405847739800,4437444164705092,4437444164705092,0,0,0,0,0,9707716737512027200,1434774250258255062,80172793439359050,2057096920685467,8666883134189,2166720783547,0,0,0,0,0,$32035.465 USD,$4734.755 USD,$264.570 USD,$6.788 USD,$0.028 USD,$0.007 USD,,,,,,0,0,1,45,186,0,0,0,0,0,0,0,0,1,45,186,699,0,0,0,0,0
32,6,100000000000000000,$1105.669 USD,$999.886 USD,$1251.377 USD, $142.315 USD, $109.176 USD,112616862601074,4769347133612,19503492125520617500,11566252652562603600,2573415247116693600,215598659579059900,3522346019862524,3522346019862524,0,0,0,0,0,9751746062760308750,1445781581570325450,80419226472396675,1684364527961405,6879582070043,1719895517510,0,0,0,0,0,$32180.762 USD,$4771.079 USD,$265.383 USD,$5.558 USD,$0.022 USD,$0.005 USD,,,,,,0,0,0,48,238,0,0,0,0,0,0,0,0,0,48,238,913,0,0,0,0,0
33,6,100000000000000000,$1105.972 USD,$999.886 USD,$1125.483 USD, $38.806 USD, $86.790 USD,75819695816921,4281306139108,19582539850588787600,11645300377630773700,2652462972184863700,202006335609347500,3161909002726804,3161909002726804,0,0,0,0,0,9791269925294393800,1455662547203846712,82889467880776990,1578174496948027,6175603520950,1543900880237,0,0,0,0,0,$32311.190 USD,$4803.686 USD,$273.535 USD,$5.207 USD,$0.020 USD,$0.005 USD,,,,,,0,0,2,52,263,0,0,0,0,0,0,0,0,2,52,263,988,0,0,0,0,0
34,6,100000000000000000,$1106.275 USD,$999.886 USD,$5902.341 USD, $4824.461 USD, $77.992 USD,294523105014485,16630818206559,19991956448401402100,10599054428239541400,2896100634235924200,523045161592868400,16376663912504580,16376663912504580,0,0,0,0,0,9995978224200701050,1324881803529942675,90503144819872631,4086290324944284,31985671704110,7996417926027,0,0,0,0,0,$32986.728 USD,$4372.109 USD,$298.660 USD,$13.484 USD,$0.105 USD,$0.026 USD,,,,,,0,0,0,11,43,198,0,0,0,0,0,0,0,0,11,43,198,0,0,0,0,0
35,6,100000000000000000,$1106.578 USD,$999.886 USD,$2118.227 USD, $714.045 USD, $404.295 USD,66012722987957,3727536402548,20114308838860979500,10721406818699118800,3018453024695501600,383874971256010600,122352390459577400,4894095618383096,0,0,0,0,0,10057154419430489750,1340175852337389850,94326657021734425,2999023212937582,238969512616362,2389695126163,0,0,0,0,0,$33188.609 USD,$4422.580 USD,$311.277 USD,$9.896 USD,$0.788 USD,$0.007 USD,,,,,,0,0,0,3,165,0,0,0,0,0,0,0,0,0,3,165,665,0,0,0,0,0
36,7,100000000000000000,$1106.882 USD,$999.886 USD,$1225.547 USD, $104.762 USD, $120.898 USD,41020429102904,307177527365071,20215682176832658100,10822780156670797400,3119826362667180200,464255146737126000,4054933518867144,4054933518867144,0,0,0,0,0,10107841088416329050,1352847519583849675,97494573833349381,3626993333883796,7919792029037,1979948007259,0,0,0,0,0,$33355.875 USD,$4464.396 USD,$321.732 USD,$11.969 USD,$0.026 USD,$0.006 USD,$0.000 USD,,,,,0,0,0,63,224,0,0,0,0,0,0,0,0,0,63,224,918,0,0,0,0,0
37,6,100000000000000000,$1107.185 USD,$999.886 USD,$1146.932 USD, $47.835 USD, $99.210 USD,24507003087543,183518329188480,20296434028564383400,10903532008402522700,3200578214398905500,301998445098636700,3230074069269012,3230074069269012,0,0,0,0,0,10148217014282191700,1362941501050315337,100018069199965796,2359362852333099,6308738416541,1577184604135,0,0,0,0,0,$33489.116 USD,$4497.706 USD,$330.059 USD,$7.785 USD,$0.020 USD,$0.005 USD,,,,,,0,0,1,71,241,0,0,0,0,0,0,0,0,1,71,241,961,0,0,0,0,0
38,6,100000000000000000,$1107.488 USD,$999.886 USD,$1448.055 USD, $368.910 USD, $79.257 USD,23057294661699,172662327450082,20397734011169637200,11004831991007776500,3101842058604227700,223986850926574900,4051999304210152,4051999304210152,0,0,0,0,0,10198867005584818600,1375603998875972062,96932564331382115,1749897272863866,7914061141035,1978515285258,0,0,0,0,0,$33656.261 USD,$4539.493 USD,$319.877 USD,$5.774 USD,$0.026 USD,$0.006 USD,,,,,,0,0,2,53,201,0,0,0,0,0,0,0,0,2,53,201,710,0,0,0,0,0
39,6,100000000000000000,$1107.792 USD,$999.886 USD,$1197.522 USD, $97.995 USD, $99.641 USD,14377892044164,107667457982185,20481957839121912600,11089055818960051900,2992200757893738700,185717869778377300,3368953118091016,3368953118091016,0,0,0,0,0,10240978919560956300,1386131977370006487,93506273684179334,1450920857643572,6579986558771,1644996639692,0,0,0,0,0,$33795.230 USD,$4574.235 USD,$308.570 USD,$4.788 USD,$0.021 USD,$0.005 USD,,,,,,0,1,0,55,269,0,0,0,0,0,0,0,1,0,55,269,944,0,0,0,0,0
40,6,100000000000000000,$1108.095 USD,$999.886 USD,$1116.298 USD, $33.432 USD, $82.978 USD,10029104018726,75101978246758,20560290094299420100,9781256096767552900,3070533013071246200,174093031781981600,3133290207100300,3133290207100300,0,0,0,0,0,10280145047149710050,1222657012095944112,95954156658476443,1360101810796731,6119707435742,1529926858935,0,0,0,0,0,$33924.478 USD,$4034.768 USD,$316.648 USD,$4.488 USD,$0.020 USD,$0.005 USD,,,,,,0,0,1,59,248,0,0,0,0,0,0,0,0,1,59,248,987,0,0,0,0,0
41,6,100000000000000000,$1108.399 USD,$999.886 USD,$1398.268 USD, $321.114 USD, $77.268 USD,9392659613764,70336025698309,20658105174395245600,9879071176863378400,2976439779850118700,190302003229999100,3912603203833020,3912603203833020,0,0,0,0,0,10329052587197622800,1234883897107922300,93013743120316209,1486734400234367,7641803132486,1910450783121,0,0,0,0,0,$34085.873 USD,$4075.116 USD,$306.945 USD,$4.906 USD,$0.025 USD,$0.006 USD,,,,,,0,0,3,57,186,0,0,0,0,0,0,0,0,3,57,186,805,0,0,0,0,0
42,6,100000000000000000,$1108.703 USD,$999.886 USD,$1457.248 USD, $360.788 USD, $96.573 USD,7360275497942,55116713248208,20760304972530309900,9981270974998442700,2706584605503917800,191403862149124200,4087991925402572,4087991925402572,0,0,0,0,0,10380152486265154950,1247658871874805337,84580768921997431,1495342673040032,7984359229301,1996089807325,0,0,0,0,0,$34254.503 USD,$4117.274 USD,$279.116 USD,$4.934 USD,$0.026 USD,$0.006 USD,,,,,,0,0,0,51,194,0,0,0,0,0,0,0,0,0,51,194,740,0,0,0,0,0
43,6,100000000000000000,$1109.006 USD,$999.886 USD,$1184.559 USD, $83.701 USD, $100.971 USD,4501078098514,33705889260933,20843636866503911000,10064602868972043800,2789916499477518900,173052454355998500,3333275758944044,3333275758944044,0,0,0,0,0,10421818433251955500,1258075358621505475,87184890608672465,1351972299656238,6510304216687,1627576054171,0,0,0,0,0,$34392.000 USD,$4151.648 USD,$287.710 USD,$4.461 USD,$0.021 USD,$0.005 USD,,,,,,0,0,2,61,246,0,0,0,0,0,0,0,0,2,61,246,941,0,0,0,0,0
44,6,100000000000000000,$1109.310 USD,$999.886 USD,$1104.504 USD, $22.245 USD, $82.372 USD,4188011610666,23521140793895,20921172721661695200,10142138724129828000,2693082573417958100,161358137736466900,3101434206311368,3101434206311368,0,0,0,0,0,10460586360830847600,1267767340516228500,84158830419311190,1260610451066147,6057488684201,1514372171050,0,0,0,0,0,$34519.934 USD,$4183.632 USD,$277.724 USD,$4.160 USD,$0.019 USD,$0.004 USD,,,,,,0,0,1,55,242,0,0,0,0,0,0,0,0,1,55,242,946,0,0,0,0,0
45,6,100000000000000000,$1109.614 USD,$999.886 USD,$1080.703 USD, $4.148 USD, $76.669 USD,4096578258640,17255717561038,20997015801393246700,10217981803861379500,2684766822730198400,166607032208311200,3033723189262060,3033723189262060,0,0,0,0,0,10498507900696623350,1277247725482672437,83898963210318700,1301617439127431,5925240604027,1481310151006,0,0,0,0,0,$34645.076 USD,$4214.917 USD,$276.866 USD,$4.295 USD,$0.019 USD,$0.004 USD,,,,,,0,0,0,56,252,0,0,0,0,0,0,0,0,0,56,252,993,0,0,0,0,0
46,6,100000000000000000,$1109.918 USD,$999.886 USD,$1074.900 USD, $0.000 USD, $75.014 USD,4073040562868,12867428582490,21072423109799461800,10293389112267594600,2760174131136413500,169123764023386300,3016292336248604,3016292336248604,0,0,0,0,0,10536211554899730900,1286673639033449325,86255441598012921,1321279406432705,5891195969235,1472798992308,0,0,0,0,0,$34769.498 USD,$4246.023 USD,$284.642 USD,$4.360 USD,$0.019 USD,$0.004 USD,,,,,,0,0,2,63,250,0,0,0,0,0,0,0,0,2,63,250,1007,0,0,0,0,0
47,6,100000000000000000,$1110.222 USD,$999.886 USD,$1074.483 USD, $0.000 USD, $74.597 USD,4071523193449,9646976215620,21147802325987586800,10368768328455719600,2663042464128512500,161262377606244900,3015168647525000,3015168647525000,0,0,0,0,0,10573901162993793400,1296096041056964950,83220077004016015,1259862325048788,5889001264697,1472250316174,0,0,0,0,0,$34893.873 USD,$4277.116 USD,$274.626 USD,$4.157 USD,$0.019 USD,$0.004 USD,,,,,,0,0,0,65,257,0,0,0,0,0,0,0,0,0,65,257,989,0,0,0,0,0
48,6,100000000000000000,$1110.527 USD,$999.886 USD,$1074.466 USD, $0.000 USD, $74.580 USD,4070929689464,7234177485391,21223170554183507500,10444136556651640300,2738410692324433200,154739554673993600,3014729127836828,3014729127836828,0,0,0,0,0,10611585277091753750,1305517069581455037,85575334135138537,1208902770890575,5888142827806,1472035706951,0,0,0,0,0,$35018.231 USD,$4308.206 USD,$282.398 USD,$3.989 USD,$0.019 USD,$0.004 USD,,,,,,0,0,1,70,234,0,0,0,0,0,0,0,0,1,70,234,978,0,0,0,0,0
49,6,100000000000000000,$1110.831 USD,$999.886 USD,$1074.463 USD, $0.000 USD, $74.577 USD,4072580761011,5427833620842,21298569349927033800,10519535352395166600,2728234153932820900,145515156455177900,3015951829741052,3015951829741052,0,0,0,0,0,10649284674963516900,1314941919049395825,85257317310400653,1136837159806077,5890530917462,1472632729365,0,0,0,0,0,$35142.639 USD,$4339.308 USD,$281.349 USD,$3.751 USD,$0.019 USD,$0.004 USD,,,,,,0,0,1,67,250,0,0,0,0,0,0,0,0,1,67,250,995,0,0,0,0,0
50,6,100000000000000000,$1111.135 USD,$999.886 USD,$1074.500 USD, $0.000 USD, $74.613 USD,4071577102569,4069871977510,21373949564175862600,10594915566643995400,2718357050871249000,144727280996998000,3015208569953152,3015208569953152,0,0,0,0,0,10686974782087931300,1324364445830499425,84948657839726531,1130681882789046,5889079238189,1472269809547,0,0,0,0,0,$35267.016 USD,$4370.402 USD,$280.330 USD,$3.731 USD,$0.019 USD,$0.004 USD,,,,,,0,0,0,72,256,0,0,0,0,0,0,0,0,0,72,256,1041,0,0,0,0,0
51,6,100000000000000000,$1111.440 USD,$999.886 USD,$1074.486 USD, $0.000 USD, $74.599 USD,4071075518941,4069370603938,21449320492224167600,10670286494692300400,2793727978919554000,138689113484487800,3014837121932200,3014837121932200,0,0,0,0,0,10724660246112083800,1333785811836537550,87303999341236062,1083508699097560,5888353753773,1472088438443,0,0,0,0,0,$35391.378 USD,$4401.493 USD,$288.103 USD,$3.575 USD,$0.019 USD,$0.004 USD,,,,,,0,0,0,68,242,0,0,0,0,0,0,0,0,0,68,242,1019,0,0,0,0,0
52,6,100000000000000000,$1111.744 USD,$999.886 USD,$1074.476 USD, $0.000 USD, $74.590 USD,4072050912300,4070345588815,21524709478474144700,10745675480942277500,2869116965169531100,140399508195828100,3015559449999084,3015559449999084,0,0,0,0,0,10762354739237072350,1343209435117784687,89659905161547846,1096871157779907,5889764550779,1472441137694,0,0,0,0,0,$35515.770 USD,$4432.591 USD,$295.877 USD,$3.619 USD,$0.019 USD,$0.004 USD,,,,,,0,0,1,67,252,0,0,0,0,0,0,0,0,1,67,252,999,0,0,0,0,0
53,6,100000000000000000,$1112.049 USD,$999.886 USD,$1074.494 USD, $0.000 USD, $74.608 USD,4071404979270,4069699926293,21600086506072951300,10821052508541084100,2854834087606789800,142286168223374700,3015081103952264,3015081103952264,0,0,0,0,0,10800043253036475650,1352631563567635512,89213565237712181,1111610689245114,5888830281156,1472207570289,0,0,0,0,0,$35640.142 USD,$4463.684 USD,$294.404 USD,$3.668 USD,$0.019 USD,$0.004 USD,,,,,,0,0,1,61,253,0,0,0,0,0,0,0,0,1,61,253,993,0,0,0,0,0
54,6,100000000000000000,$1112.354 USD,$999.886 USD,$1074.482 USD, $0.000 USD, $74.596 USD,4071279238061,4069574237743,21675461205728793900,10896427208196926700,2840995222024920200,149852615835260100,3014987986233704,3014987986233704,0,0,0,0,0,10837730602864396950,1362053401024615837,88781100688278756,1170723561212969,5888648410612,1472162102653,0,0,0,0,0,$35764.510 USD,$4494.776 USD,$292.977 USD,$3.863 USD,$0.019 USD,$0.004 USD,,,,,,0,0,0,84,257,0,0,0,0,0,0,0,0,0,84,257,1037,0,0,0,0,0
55,6,100000000000000000,$1112.659 USD,$999.886 USD,$1074.480 USD, $0.000 USD, $74.594 USD,4070978425849,4069273551507,21750830336218588000,10971796338686720800,2916364352514714300,126880967183162200,3014765219591764,3014765219591764,0,0,0,0,0,10875415168109294000,1371474542335840100,91136386016084821,991257556118454,5888213319515,1472053329878,0,0,0,0,0,$35888.870 USD,$4525.865 USD,$300.750 USD,$3.271 USD,$0.019 USD,$0.004 USD,,,,,,0,0,0,57,248,0,0,0,0,0,0,0,0,0,57,248,1037,0,0,0,0,0
56,6,100000000000000000,$1112.963 USD,$999.886 USD,$1074.475 USD, $0.000 USD, $74.588 USD,4071607231853,4069902094176,21826211108273835300,11047177110741968100,2991745124569961600,145760058539655000,3015230882209892,3015230882209892,0,0,0,0,0,10913105554136917650,1380897138842746012,93492035142811300,1138750457341054,5889122816816,1472280704204,0,0,0,0,0,$36013.248 USD,$4556.960 USD,$308.523 USD,$3.757 USD,$0.019 USD,$0.004 USD,,,,,,0,0,1,64,233,0,0,0,0,0,0,0,0,1,64,233,1021,0,0,0,0,0
57,6,100000000000000000,$1113.268 USD,$999.886 USD,$1074.486 USD, $0.000 USD, $74.600 USD,4072748352852,4071042737288,21901613006773019900,11122579009241152700,2973654987926334900,148281927769009200,3016075939967384,3016075939967384,0,0,0,0,0,10950806503386509950,1390322376155144087,92926718372697965,1158452560695384,5890773320248,1472693330062,0,0,0,0,0,$36137.661 USD,$4588.063 USD,$306.658 USD,$3.822 USD,$0.019 USD,$0.004 USD,,,,,,0,0,2,60,244,0,0,0,0,0,0,0,0,2,60,244,1037,0,0,0,0,0
58,6,100000000000000000,$1113.573 USD,$999.886 USD,$1074.507 USD, $0.000 USD, $74.621 USD,4072043492726,4070338172348,21977001855658759200,11197967858126892000,2863190400066678200,154163623013024500,3015553955429572,3015553955429572,0,0,0,0,0,10988500927829379600,1399745982265861500,89474700002083693,1204403304789253,5889753819198,1472438454799,0,0,0,0,0,$36262.053 USD,$4619.161 USD,$295.266 USD,$3.974 USD,$0.019 USD,$0.004 USD,,,,,,0,0,3,69,251,0,0,0,0,0,0,0,0,3,69,251,1001,0,0,0,0,0
59,6,100000000000000000,$1113.879 USD,$999.886 USD,$1074.494 USD, $0.000 USD, $74.608 USD,4071477001149,4069771918011,22052380216653593300,11273346219121726100,2670144661055261200,146438155977396900,3015134439793364,3015134439793364,0,0,0,0,0,11026190108326796650,1409168277390215762,83442020657976912,1144048093573413,5888934452721,1472233613180,0,0,0,0,0,$36386.427 USD,$4650.255 USD,$275.358 USD,$3.775 USD,$0.019 USD,$0.004 USD,,,,,,0,0,1,63,240,0,0,0,0,0,0,0,0,1,63,240,1056,0,0,0,0,0
60,6,100000000000000000,$1114.184 USD,$999.886 USD,$1074.484 USD, $0.000 USD, $74.597 USD,4072229245094,4070523846926,22127772504514676300,11348738506982809100,2662094928258367200,149755413943349400,3015691514443320,3015691514443320,0,0,0,0,0,11063886252257338150,1418592313372851137,83190466508073975,1169964171432417,5890022489147,1472505622286,0,0,0,0,0,$36510.824 USD,$4681.354 USD,$274.528 USD,$3.860 USD,$0.019 USD,$0.004 USD,,,,,,1,0,2,69,259,0,0,0,0,0,0,1,0,2,69,259,1014,0,0,0,0,0
61,6,100000000000000000,$1114.489 USD,$999.886 USD,$1074.498 USD, $0.000 USD, $74.611 USD,4070911197513,4069206351326,11139254138097637700,11424106392823108700,2571081881082518800,144395771954806500,3014715433611984,3014715433611984,0,0,0,0,0,5569627069048818850,1428013299102888587,80346308783828712,1128091968396925,5888116081273,1472029020318,0,0,0,0,0,$18379.769 USD,$4712.443 USD,$265.142 USD,$3.722 USD,$0.019 USD,$0.004 USD,,,,,,0,0,0,57,236,0,0,0,0,0,0,0,0,0,57,236,1009,0,0,0,0,0
62,6,100000000000000000,$1114.794 USD,$999.886 USD,$1074.473 USD, $0.000 USD, $74.587 USD,4072473040595,4070767540328,11214650939530894800,11499503194256365800,2646478682515775900,155491331189434600,3015872057330284,3015872057330284,0,0,0,0,0,5607325469765447400,1437437899282045725,82702458828617996,1214776024917457,5890375111973,1472593777993,0,0,0,0,0,$18504.174 USD,$4743.545 USD,$272.918 USD,$4.008 USD,$0.019 USD,$0.004 USD,,,,,,0,0,1,64,245,0,0,0,0,0,0,0,0,1,64,245,1034,0,0,0,0,0
63,6,100000000000000000,$1115.100 USD,$999.886 USD,$1074.502 USD, $0.000 USD, $74.615 USD,4071948172466,4070242892007,11290038023679913800,11574890278405384800,2639163307836176900,153132749743733600,3015483365960760,3015483365960760,0,0,0,0,0,5645019011839956900,1446861284800673100,82473853369880528,1196349607372918,5889615949142,1472403987285,0,0,0,0,0,$18628.562 USD,$4774.642 USD,$272.163 USD,$3.947 USD,$0.019 USD,$0.004 USD,,,,,,0,0,0,62,250,0,0,0,0,0,0,0,0,0,62,250,1002,0,0,0,0,0
64,6,100000000000000000,$1115.405 USD,$999.886 USD,$1074.492 USD, $0.000 USD, $74.606 USD,4071541790811,4069836680540,11365417584175200600,11650269838900671600,2714542868331463700,154338634581894400,3015182419811472,3015182419811472,0,0,0,0,0,5682708792087600300,1456283729862583950,84829464635358240,1205770582671050,5889028163694,1472257040923,0,0,0,0,0,$18752.939 USD,$4805.736 USD,$279.937 USD,$3.979 USD,$0.019 USD,$0.004 USD,,,,,,0,0,3,62,237,0,0,0,0,0,0,0,0,3,62,237,959,0,0,0,0,0
65,6,100000000000000000,$1115.711 USD,$999.886 USD,$1074.485 USD, $0.000 USD, $74.598 USD,4072452456481,4070746964834,11440814004519041500,11725666259244512500,2535450894769229700,154977278800127100,3015856813753636,3015856813753636,0,0,0,0,0,5720407002259520750,1465708282405564062,79232840461538428,1210759990625992,5890345339362,1472586334840,0,0,0,0,0,$18877.343 USD,$4836.837 USD,$261.468 USD,$3.995 USD,$0.019 USD,$0.004 USD,,,,,,0,0,1,62,244,0,0,0,0,0,0,0,0,1,62,244,1008,0,0,0,0,0
66,6,100000000000000000,$1116.017 USD,$999.886 USD,$1074.502 USD, $0.000 USD, $74.615 USD,4072019116439,4070313806269,11516202402107971400,11801054656833442400,2531606451896621100,155298556970245000,3015535903557196,3015535903557196,0,0,0,0,0,5758101201053985700,1475131832104180300,79112701621769409,1213269976330039,5889718561635,1472429640408,0,0,0,0,0,$19001.733 USD,$4867.935 USD,$261.071 USD,$4.003 USD,$0.019 USD,$0.004 USD,,,,,,0,0,1,62,248,0,0,0,0,0,0,0,0,1,62,248,1007,0,0,0,0,0
67,6,100000000000000000,$1116.323 USD,$999.886 USD,$1074.494 USD, $0.000 USD, $74.607 USD,4071692890904,4069987717354,11591584760034606500,11876437014760077500,2527876108201486700,155458176364413900,3015294317065404,3015294317065404,0,0,0,0,0,5795792380017303250,1484554626845009687,78996128381296459,1214517002846983,5889246713018,1472311678254,0,0,0,0,0,$19126.114 USD,$4899.030 USD,$260.687 USD,$4.007 USD,$0.019 USD,$0.004 USD,,,,,,0,0,1,62,261,0,0,0,0,0,0,0,0,1,62,261,1008,0,0,0,0,0
68,6,100000000000000000,$1116.628 USD,$999.886 USD,$1074.488 USD, $0.000 USD, $74.601 USD,4070721903931,4069017137018,11666949141338372400,11951801396063843400,2524244361123956100,155522503491665800,3014575252150636,3014575252150636,0,0,0,0,0,5833474570669186200,1493975174507980425,78882636285123628,1215019558528639,5887842289356,1471960572339,0,0,0,0,0,$19250.466 USD,$4930.118 USD,$260.312 USD,$4.009 USD,$0.019 USD,$0.004 USD,,,,,,0,0,0,66,256,0,0,0,0,0,0,0,0,0,66,256,993,0,0,0,0,0
69,6,100000000000000000,$1116.934 USD,$999.886 USD,$1074.470 USD, $0.000 USD, $74.583 USD,4071005249730,4069300364155,11742318768439147000,12027171023164618000,2599613988224730700,150700839729546200,3014785084030984,3014785084030984,0,0,0,0,0,5871159384219573500,1503396377895577250,81237937132022834,1177350310387079,5888252117248,1472063029312,0,0,0,0,0,$19374.825 USD,$4961.208 USD,$268.085 USD,$3.885 USD,$0.019 USD,$0.004 USD,,,,,,0,0,3,59,242,0,0,0,0,0,0,0,0,3,59,242,995,0,0,0,0,0
70,6,100000000000000000,$1117.240 USD,$999.886 USD,$1074.475 USD, $0.000 USD, $74.589 USD,4072045120934,4070339799874,11817707647469143800,12102559902194614800,2431289055858658800,156626050446704100,3015555161199872,3015555161199872,0,0,0,0,0,5908853823734571900,1512819987774326850,75977782995583087,1223641019114875,5889756174218,1472439043554,0,0,0,0,0,$19499.217 USD,$4992.305 USD,$250.726 USD,$4.038 USD,$0.019 USD,$0.004 USD,,,,,,0,0,0,64,264,0,0,0,0,0,0,0,0,0,64,264,1021,0,0,0,0,0
71,6,100000000000000000,$1117.547 USD,$999.886 USD,$1074.494 USD, $0.000 USD, $74.608 USD,4070532917996,4068828230228,11893068529932057300,12177920784657528300,2506649938321572300,153673907686264000,3014435298516540,3014435298516540,0,0,0,0,0,5946534264966028650,1522240098082191037,78332810572549134,1200577403798937,5887568942415,1471892235603,0,0,0,0,0,$19623.563 USD,$5023.392 USD,$258.498 USD,$3.961 USD,$0.019 USD,$0.004 USD,,,,,,0,0,2,73,241,0,0,0,0,0,0,0,0,2,73,241,1022,0,0,0,0,0
72,6,100000000000000000,$1117.853 USD,$999.886 USD,$1074.466 USD, $0.000 USD, $74.580 USD,4072078797958,4070373462795,11968458032450485300,12253310287175956300,2425373819694901900,141421259727365000,3015580100737120,3015580100737120,0,0,0,0,0,5984229016225242650,1531663785896994537,75792931865465684,1104853591620039,5889804884252,1472451221063,0,0,0,0,0,$19747.955 USD,$5054.490 USD,$250.116 USD,$3.646 USD,$0.019 USD,$0.004 USD,,,,,,0,1,1,69,284,0,0,0,0,0,0,0,1,1,69,284,975,0,0,0,0,0
73,6,100000000000000000,$1118.159 USD,$999.886 USD,$1074.495 USD, $0.000 USD, $74.608 USD,4069083026654,4067378946082,12043792071968452200,10796980540796928600,2424914927347403100,140520401423545000,3013361580718676,3013361580718676,0,0,0,0,0,6021896035984226100,1349622567599616075,75778591479606346,1097815636121445,5885471837341,1471367959335,0,0,0,0,0,$19872.256 USD,$4453.754 USD,$250.069 USD,$3.622 USD,$0.019 USD,$0.004 USD,,,,,,0,0,3,61,236,0,0,0,0,0,0,0,0,3,61,236,985,0,0,0,0,0
74,6,100000000000000000,$1118.466 USD,$999.886 USD,$1074.440 USD, $0.000 USD, $74.553 USD,4072322172884,4070616735799,12119186080272635300,10872374549101111700,2272973161212767000,148947655924316600,3015760332167324,3015760332167324,0,0,0,0,0,6059593040136317650,1359046818637638962,71030411287898968,1163653561908723,5890156898764,1472539224691,0,0,0,0,0,$19996.657 USD,$4484.854 USD,$234.400 USD,$3.840 USD,$0.019 USD,$0.004 USD,,,,,,0,0,1,64,256,0,0,0,0,0,0,0,0,1,64,256,995,0,0,0,0,0
75,6,100000000000000000,$1118.772 USD,$999.886 USD,$1074.499 USD, $0.000 USD, $74.613 USD,4071136739224,4069431798584,12194558141738771600,10947746610567248000,2277314811391004300,149845889428289700,3014882458645452,3014882458645452,0,0,0,0,0,6097279070869385800,1368468326320906000,71166087855968884,1170671011158513,5888442302041,1472110575510,0,0,0,0,0,$20121.020 USD,$4515.945 USD,$234.848 USD,$3.863 USD,$0.019 USD,$0.004 USD,,,,,,0,0,1,46,246,0,0,0,0,0,0,0,0,1,46,246,994,0,0,0,0,0
76,6,100000000000000000,$1119.079 USD,$999.886 USD,$1074.478 USD, $0.000 USD, $74.591 USD,4071765494360,4070060290404,12269941843828582600,11023130312657059000,2281532425624846400,171378725004805100,3015348083592440,3015348083592440,0,0,0,0,0,6134970921914291300,1377891289082132375,71297888300776450,1338896289100039,5889351725766,1472337931441,0,0,0,0,0,$20245.404 USD,$4547.041 USD,$235.283 USD,$4.418 USD,$0.019 USD,$0.004 USD,,,,,,0,0,2,68,238,0,0,0,0,0,0,0,0,2,68,238,1022,0,0,0,0,0
77,6,100000000000000000,$1119.385 USD,$999.886 USD,$1074.489 USD, $0.000 USD, $74.602 USD,4072398286275,4070692817314,12345337261278055500,11098525730106531900,2214332066472766300,155729194795471200,3015816697978916,3015816697978916,0,0,0,0,0,6172668630639027750,1387315716263316487,69197877077273946,1216634334339618,5890266988240,1472566747060,0,0,0,0,0,$20369.806 USD,$4578.141 USD,$228.352 USD,$4.014 USD,$0.019 USD,$0.004 USD,,,,,,0,0,2,70,265,0,0,0,0,0,0,0,0,2,70,265,1019,0,0,0,0,0
78,6,100000000000000000,$1119.692 USD,$999.886 USD,$1074.501 USD, $0.000 USD, $74.614 USD,4070489247799,4068784578319,12420697335241273100,11173885804069749500,2151296386281435900,145924865354909800,3014402958528704,3014402958528704,0,0,0,0,0,6210348667620636550,1396735725508718687,67228012071294871,1140038010585232,5887505778376,1471876444594,0,0,0,0,0,$20494.150 USD,$4609.227 USD,$221.852 USD,$3.762 USD,$0.019 USD,$0.004 USD,,,,,,0,0,2,62,257,0,0,0,0,0,0,0,0,2,62,257,997,0,0,0,0,0
79,6,100000000000000000,$1119.999 USD,$999.886 USD,$1074.466 USD, $0.000 USD, $74.579 USD,4070913528713,4069208681550,12496065264240870200,11249253733069346600,2092208291138443200,150610437698218300,3014717159983884,3014717159983884,0,0,0,0,0,6248032632120435100,1406156716633668325,65381509098076350,1176644044517330,5888119453093,1472029863273,0,0,0,0,0,$20618.507 USD,$4640.317 USD,$215.758 USD,$3.882 USD,$0.019 USD,$0.004 USD,,,,,,0,0,0,75,254,0,0,0,0,0,0,0,0,0,75,254,1009,0,0,0,0,0
80,6,100000000000000000,$1120.306 USD,$999.886 USD,$1074.473 USD, $0.000 USD, $74.587 USD,4071166218786,4069461265799,12571437871484621500,11324626340313097900,2167580898382194500,137734741603164600,3014904289750052,3014904289750052,0,0,0,0,0,6285718935742310750,1415578292539137237,67736903074443578,1076052668774723,5888484940918,1472121235229,0,0,0,0,0,$20742.872 USD,$4671.408 USD,$223.531 USD,$3.550 USD,$0.019 USD,$0.004 USD,,,,,,0,0,2,63,243,0,0,0,0,0,0,0,0,2,63,243,994,0,0,0,0,0
81,6,100000000000000000,$1120.613 USD,$999.886 USD,$1074.478 USD, $0.000 USD, $74.592 USD,4071985771088,4070280474884,12646825651725621300,11400014120554097700,2107494872474307100,145331203711352000,3015511209639992,3015511209639992,0,0,0,0,0,6323412825862810650,1425001765069262212,65859214764822096,1135400028994937,5889670331328,1472417582832,0,0,0,0,0,$20867.262 USD,$4702.505 USD,$217.335 USD,$3.746 USD,$0.019 USD,$0.004 USD,,,,,,0,0,0,52,249,0,0,0,0,0,0,0,0,0,52,249,981,0,0,0,0,0
82,6,100000000000000000,$1120.920 USD,$999.886 USD,$1074.493 USD, $0.000 USD, $74.607 USD,4071617515230,4069912373246,12722206614164871100,11475395082993347500,2182875834913556900,161671364642861800,3015238497569992,3015238497569992,0,0,0,0,0,6361103307082435550,1434424385374168437,68214869841048653,1263057536272357,5889137690566,1472284422641,0,0,0,0,0,$20991.640 USD,$4733.600 USD,$225.109 USD,$4.168 USD,$0.019 USD,$0.004 USD,,,,,,0,0,2,64,261,0,0,0,0,0,0,0,0,2,64,261,1000,0,0,0,0,0
83,6,100000000000000000,$1121.227 USD,$999.886 USD,$1074.486 USD, $0.000 USD, $74.600 USD,4070715717251,4069010952929,12797570880929909300,11550759349758385700,2121810361996497700,156199949086466400,3014570670601528,3014570670601528,0,0,0,0,0,6398785440464954650,1443844918719798212,66306573812390553,1220312102238018,5887833341018,1471958335254,0,0,0,0,0,$21115.991 USD,$4764.688 USD,$218.811 USD,$4.027 USD,$0.019 USD,$0.004 USD,,,,,,0,0,0,62,238,0,0,0,0,0,0,0,0,0,62,238,1003,0,0,0,0,0
84,6,100000000000000000,$1121.534 USD,$999.886 USD,$1074.470 USD, $0.000 USD, $74.583 USD,4072311692068,4070606259372,12872964695194740600,11626153164023217000,2197204176261329000,155934413012535500,3015752570593252,3015752570593252,0,0,0,0,0,6436482347597370300,1453269145502902125,68662630508166531,1218237601660433,5890141739439,1472535434859,0,0,0,0,0,$21240.391 USD,$4795.788 USD,$226.586 USD,$4.020 USD,$0.019 USD,$0.004 USD,,,,,,0,0,0,64,236,0,0,0,0,0,0,0,0,0,64,236,970,0,0,0,0,0
85,6,100000000000000000,$1121.841 USD,$999.886 USD,$1074.499 USD, $0.000 USD, $74.613 USD,4072588614808,4070883066140,12948363636341603100,11701552105170079500,2272603117408191500,153366147653126000,3015957645874500,3015957645874500,0,0,0,0,0,6474181818170801550,1462694013146259937,71018847419005984,1198173028540046,5890542277098,1472635569274,0,0,0,0,0,$21364.799 USD,$4826.890 USD,$234.362 USD,$3.953 USD,$0.019 USD,$0.004 USD,,,,,,0,0,1,70,249,0,0,0,0,0,0,0,0,1,70,249,945,0,0,0,0,0
86,6,100000000000000000,$1122.149 USD,$999.886 USD,$1074.504 USD, $0.000 USD, $74.618 USD,4071667124433,4069961961674,13023745517233888300,11776933986062364700,2276966150881470700,144875916547604200,3015275235691408,3015275235691408,0,0,0,0,0,6511872758616944150,1472116748257795587,71155192215045959,1131843098028157,5889209444709,1472302361177,0,0,0,0,0,$21489.180 USD,$4857.985 USD,$234.812 USD,$3.735 USD,$0.019 USD,$0.004 USD,,,,,,0,0,0,61,249,0,0,0,0,0,0,0,0,0,61,249,1052,0,0,0,0,0
87,6,100000000000000000,$1122.456 USD,$999.886 USD,$1074.487 USD, $0.000 USD, $74.601 USD,4071591293166,4069886162164,13099125994204054800,11852314463032531200,2352346627851637200,151213964538050500,3015219078806660,3015219078806660,0,0,0,0,0,6549562997102027400,1481539307879066400,73510832120363662,1181359097953519,5889099763294,1472274940823,0,0,0,0,0,$21613.557 USD,$4889.079 USD,$242.585 USD,$3.898 USD,$0.019 USD,$0.004 USD,,,,,,0,0,0,65,260,0,0,0,0,0,0,0,0,0,65,260,995,0,0,0,0,0
88,6,100000000000000000,$1122.764 USD,$999.886 USD,$1074.486 USD, $0.000 USD, $74.599 USD,4070786188987,4069081395152,13174491565666116500,11927680034494592900,2427712199313698900,149791194633128200,3014622858482468,3014622858482468,0,0,0,0,0,6587245782833058250,1490960004311824112,75866006228553090,1170243708071314,5887935270473,1471983817618,0,0,0,0,0,$21737.911 USD,$4920.168 USD,$250.357 USD,$3.861 USD,$0.019 USD,$0.004 USD,,,,,,0,0,3,72,252,0,0,0,0,0,0,0,0,3,72,252,907,0,0,0,0,0
89,6,100000000000000000,$1123.071 USD,$999.886 USD,$1074.471 USD, $0.000 USD, $74.585 USD,4071300970361,4069595960942,13249866667668609800,12003055136497086200,2275489282630532900,140908749654480700,3015004080099732,3015004080099732,0,0,0,0,0,6624933333834304900,1500381892062135775,71109040082204153,1100849606675630,5888679843944,1472169960986,0,0,0,0,0,$21862.280 USD,$4951.260 USD,$234.659 USD,$3.632 USD,$0.019 USD,$0.004 USD,,,,,,0,0,2,64,249,0,0,0,0,0,0,0,0,2,64,249,1018,0,0,0,0,0
90,6,100000000000000000,$1123.379 USD,$999.886 USD,$1074.481 USD, $0.000 USD, $74.594 USD,4071561161623,4069856043239,13325246586790517800,12078435055618994200,2208651121588032500,145834293949143900,3015196764876320,3015196764876320,0,0,0,0,0,6662623293395258900,1509804381952374275,69020347549626015,1139330421477686,5889056181399,1472264045349,0,0,0,0,0,$21986.656 USD,$4982.354 USD,$227.767 USD,$3.759 USD,$0.019 USD,$0.004 USD,,,,,,0,0,2,63,270,0,0,0,0,0,0,0,0,2,63,270,1023,0,0,0,0,0
91,6,100000000000000000,$1123.687 USD,$999.886 USD,$1074.485 USD, $0.000 USD, $74.599 USD,4070057480803,4068352992142,13400598667121847200,12153787135950323600,2145962506820109700,149408557727378200,3014083213253176,3014083213253176,0,0,0,0,0,6700299333560923600,1519223391993790450,67061328338128428,1167254357245142,5886881275885,1471720318971,0,0,0,0,0,$22110.987 USD,$5013.437 USD,$221.302 USD,$3.851 USD,$0.019 USD,$0.004 USD,,,,,,0,0,1,68,244,0,0,0,0,0,0,0,0,1,68,244,1015,0,0,0,0,0
92,6,100000000000000000,$1123.995 USD,$999.886 USD,$1074.458 USD, $0.000 USD, $74.571 USD,4071821815557,4070116588015,13475983411928968800,12229171880757445200,2154285923289102800,145420006241826200,3015389792284864,3015389792284864,0,0,0,0,0,6737991705964484400,1528646485094680650,67321435102784462,1136093798764267,5889433188056,1472358297014,0,0,0,0,0,$22235.372 USD,$5044.533 USD,$222.160 USD,$3.749 USD,$0.019 USD,$0.004 USD,,,,,,0,0,0,55,251,0,0,0,0,0,0,0,0,0,55,251,1020,0,0,0,0,0
93,6,100000000000000000,$1124.303 USD,$999.886 USD,$1074.490 USD, $0.000 USD, $74.604 USD,4071458766804,4069753691302,13551361435337457600,12304549904165934000,2229663946697591600,158312870718278500,3015120936339552,3015120936339552,0,0,0,0,0,6775680717668728800,1538068738020741750,69676998334299737,1236819302486550,5888908078788,1472227019697,0,0,0,0,0,$22359.746 USD,$5075.626 USD,$229.934 USD,$4.081 USD,$0.019 USD,$0.004 USD,,,,,,0,0,0,70,242,0,0,0,0,0,0,0,0,0,70,242,987,0,0,0,0,0
94,6,100000000000000000,$1124.611 USD,$999.886 USD,$1074.483 USD, $0.000 USD, $74.597 USD,4072082498377,4070377161664,13626751006364576000,12379939475193052400,2305053517724710000,147125090571334900,3015582841084736,3015582841084736,0,0,0,0,0,6813375503182288000,1547492434399131550,72032922428897187,1149414770088553,5889810236493,1472452559123,0,0,0,0,0,$22484.139 USD,$5106.725 USD,$237.708 USD,$3.793 USD,$0.019 USD,$0.004 USD,,,,,,0,0,1,59,225,0,0,0,0,0,0,0,0,1,59,225,1031,0,0,0,0,0
95,6,100000000000000000,$1124.919 USD,$999.886 USD,$1074.495 USD, $0.000 USD, $74.608 USD,4073368661111,4071662785769,13702164389103962500,12455352857932438900,2308433978035199300,154723001875494000,3016535309575460,3016535309575460,0,0,0,0,0,6851082194551981250,1556919107241554862,72138561813599978,1208773452152296,5891670526514,1472917631628,0,0,0,0,0,$22608.571 USD,$5137.833 USD,$238.057 USD,$3.988 USD,$0.019 USD,$0.004 USD,,,,,,0,0,1,76,272,0,0,0,0,0,0,0,0,1,76,272,953,0,0,0,0,0
96,6,100000000000000000,$1125.227 USD,$999.886 USD,$1074.518 USD, $0.000 USD, $74.632 USD,4070060235093,4068355745279,13777516520427566800,12530704989256043200,2311647547545203600,138208350835523500,3014085252944172,3014085252944172,0,0,0,0,0,6888758260213783400,1566338123657005400,72238985860787612,1079752740902527,5886885259656,1471721314914,0,0,0,0,0,$22732.902 USD,$5168.915 USD,$238.388 USD,$3.563 USD,$0.019 USD,$0.004 USD,,,,,,0,0,3,61,263,0,0,0,0,0,0,0,0,3,61,263,996,0,0,0,0,0
97,6,100000000000000000,$1125.536 USD,$999.886 USD,$1074.458 USD, $0.000 USD, $74.571 USD,4070442705550,4068738055561,13852875732718611700,12606064201547088100,2170289802253885400,147702645931509800,3014368491641796,3014368491641796,0,0,0,0,0,6926437866359305850,1575758025193386012,67821556320433918,1153926921339920,5887438460237,1471859615059,0,0,0,0,0,$22857.244 USD,$5200.001 USD,$223.811 USD,$3.807 USD,$0.019 USD,$0.004 USD,,,,,,0,0,1,56,238,0,0,0,0,0,0,0,0,1,56,238,996,0,0,0,0,0
98,6,100000000000000000,$1125.844 USD,$999.886 USD,$1074.465 USD, $0.000 USD, $74.578 USD,4072289171829,4070583748564,13928269130049063600,12681457598877540000,2177861643263903300,158476135666921700,3015735893218076,3015735893218076,0,0,0,0,0,6964134565024531800,1585182199859692500,68058176351996978,1238094809897825,5890109166441,1472527291610,0,0,0,0,0,$22981.644 USD,$5231.101 USD,$224.591 USD,$4.085 USD,$0.019 USD,$0.004 USD,,,,,,0,0,1,72,234,0,0,0,0,0,0,0,0,1,72,234,1012,0,0,0,0,0
99,6,100000000000000000,$1126.153 USD,$999.886 USD,$1074.499 USD, $0.000 USD, $74.612 USD,4072732029224,4071026420496,14003670726336457300,12756859195164933700,2185205063199300000,144734905641666600,3016063851495748,3016063851495748,0,0,0,0,0,7001835363168228650,1594607399395616712,68287658224978125,1130741450325520,5890749709952,1472687427488,0,0,0,0,0,$23106.056 USD,$5262.204 USD,$225.349 USD,$3.731 USD,$0.019 USD,$0.004 USD,,,,,,0,0,1,61,224,0,0,0,0,0,0,0,0,1,61,224,1010,0,0,0,0,0
100,6,100000000000000000,$1126.461 USD,$999.886 USD,$1074.507 USD, $0.000 USD, $74.620 USD,4073495034679,4071789106413,14079086448726140500,12832274917554616900,2192333127364005000,151175399561488200,3016628895587328,3016628895587328,0,0,0,0,0,7039543224363070250,1604034364694327112,68510410230125156,1181057809074126,5891853311694,1472963327923,0,0,0,0,0,$23230.492 USD,$5293.313 USD,$226.084 USD,$3.897 USD,$0.019 USD,$0.004 USD,,,,,,0,0,0,64,239,0,0,0,0,0,0,0,0,0,64,239,986,0,0,0,0,0
101,6,100000000000000000,$1126.770 USD,$999.886 USD,$1074.521 USD, $0.000 USD, $74.634 USD,4072468294970,4070762796690,14154483162300004400,12907671631128480800,2267729840937868900,150984413354603300,3015868542954556,3015868542954556,0,0,0,0,0,7077241581150002200,1613458953891060100,70866557529308403,1179565729332838,5890368247958,1472592061989,0,0,0,0,0,$23354.897 USD,$5324.414 USD,$233.859 USD,$3.892 USD,$0.019 USD,$0.004 USD,,,,,,0,0,6,73,255,0,0,0,0,0,0,0,0,6,73,255,1005,0,0,0,0,0
102,6,100000000000000000,$1127.079 USD,$999.886 USD,$1074.502 USD, $0.000 USD, $74.615 USD,4071221385287,4069516409198,14229856790883298500,12983045259711774900,1917904124345312000,140249743696595700,3014945143331764,3014945143331764,0,0,0,0,0,7114928395441649250,1622880657463971862,59934503885791000,1095701122629653,5888564733069,1472141183267,0,0,0,0,0,$23479.263 USD,$5355.506 USD,$197.783 USD,$3.615 USD,$0.019 USD,$0.004 USD,,,,,,0,0,2,57,259,0,0,0,0,0,0,0,0,2,57,259,1014,0,0,0,0,0
103,6,100000000000000000,$1127.387 USD,$999.886 USD,$1074.479 USD, $0.000 USD, $74.593 USD,4070828438503,4069123626975,14305223144542904200,13058411613371380600,1873401470233335700,153161133366308500,3014654146384228,3014654146384228,0,0,0,0,0,7152611572271452100,1632301451671422575,58543795944791740,1196571354424285,5887996379656,1471999094914,0,0,0,0,0,$23603.618 USD,$5386.594 USD,$193.194 USD,$3.948 USD,$0.019 USD,$0.004 USD,,,,,,0,1,4,62,269,0,0,0,0,0,0,0,1,4,62,269,974,0,0,0,0,0
104,6,100000000000000000,$1127.696 USD,$999.886 USD,$1074.472 USD, $0.000 USD, $74.585 USD,4070070068407,4068365574474,14380575457918140800,11501462475075194600,1714578599829405100,154326022767238500,3014092535009464,3014092535009464,0,0,0,0,0,7190287728959070400,1437682809384399325,53580581244668909,1205672052869050,5886899482440,1471724870610,0,0,0,0,0,$23727.949 USD,$4744.353 USD,$176.815 USD,$3.978 USD,$0.019 USD,$0.004 USD,,,,,,0,0,2,58,258,0,0,0,0,0,0,0,0,2,58,258,982,0,0,0,0,0
105,6,100000000000000000,$1128.005 USD,$999.886 USD,$1074.458 USD, $0.000 USD, $74.571 USD,4070806496571,4069101694231,14455941405350002600,11576828422507056400,1682783384771928900,159762991132692500,3014637897274472,3014637897274472,0,0,0,0,0,7227970702675001300,1447103552813382050,52586980774122778,1248148368224160,5887964643114,1471991160778,0,0,0,0,0,$23852.303 USD,$4775.441 USD,$173.537 USD,$4.118 USD,$0.019 USD,$0.004 USD,,,,,,0,0,0,60,266,0,0,0,0,0,0,0,0,0,60,266,1001,0,0,0,0,0
106,6,100000000000000000,$1128.314 USD,$999.886 USD,$1074.471 USD, $0.000 USD, $74.585 USD,4070286100560,4068581516156,14531297718293364900,11652184735450418700,1758139697715291200,160230401982602800,3014252517734492,3014252517734492,0,0,0,0,0,7265648859146682450,1456523091931302337,54941865553602850,1251800015489084,5887211948700,1471802987175,0,0,0,0,0,$23976.641 USD,$4806.526 USD,$181.308 USD,$4.130 USD,$0.019 USD,$0.004 USD,,,,,,0,0,1,61,242,0,0,0,0,0,0,0,0,1,61,242,1027,0,0,0,0,0
107,6,100000000000000000,$1128.623 USD,$999.886 USD,$1074.462 USD, $0.000 USD, $74.575 USD,4071985850934,4070280554696,14606685500012623800,11727572517169677600,1778585613880947200,159258382757026600,3015511268770356,3015511268770356,0,0,0,0,0,7303342750006311900,1465946564646209700,55580800433779600,1244206115289270,5889670446817,1472417611704,0,0,0,0,0,$24101.031 USD,$4837.623 USD,$183.416 USD,$4.105 USD,$0.019 USD,$0.004 USD,,,,,,0,0,0,62,245,0,0,0,0,0,0,0,0,0,62,245,1009,0,0,0,0,0
108,6,100000000000000000,$1128.933 USD,$999.886 USD,$1074.493 USD, $0.000 USD, $74.607 USD,4071908045905,4070202782251,14682071841267993400,11802958858425047200,1853971955136316800,157503944864459600,3015453650214784,3015453650214784,0,0,0,0,0,7341035920633996700,1475369857303130900,57936623598009900,1230499569253590,5889557910575,1472389477643,0,0,0,0,0,$24225.418 USD,$4868.720 USD,$191.190 USD,$4.060 USD,$0.019 USD,$0.004 USD,,,,,,0,1,0,59,239,0,0,0,0,0,0,0,1,0,59,239,1016,0,0,0,0,0
109,6,100000000000000000,$1129.242 USD,$999.886 USD,$1074.492 USD, $0.000 USD, $74.605 USD,4072337415454,4070631971985,14757466131769514700,10402983291623437600,1929366245637838100,160298760780018500,3015771620060852,3015771620060852,0,0,0,0,0,7378733065884757350,1300372911452929700,60292695176182440,1252334068593894,5890178945431,1472544736357,0,0,0,0,0,$24349.819 USD,$4291.230 USD,$198.965 USD,$4.132 USD,$0.019 USD,$0.004 USD,,,,,,0,0,0,59,253,0,0,0,0,0,0,0,0,0,59,253,965,0,0,0,0,0
110,6,100000000000000000,$1129.552 USD,$999.886 USD,$1074.500 USD, $0.000 USD, $74.613 USD,4071355903552,4069650871128,14832842250792134100,10478359410646057000,2004742364660457500,161787169755597800,3015044760904776,3015044760904776,0,0,0,0,0,7416421125396067050,1309794926330757125,62648198895639296,1263962263715607,5888759298642,1472189824660,0,0,0,0,0,$24474.189 USD,$4322.323 USD,$206.739 USD,$4.171 USD,$0.019 USD,$0.004 USD,,,,,,0,0,1,65,242,0,0,0,0,0,0,0,0,1,65,242,1002,0,0,0,0,0
111,6,100000000000000000,$1129.861 USD,$999.886 USD,$1074.482 USD, $0.000 USD, $74.595 USD,4072074020714,4070368687551,14908231664865792800,10553748824719715700,2017483579838476900,155019036687736000,3015576562946348,3015576562946348,0,0,0,0,0,7454115832432896400,1319218603089964462,63046361869952403,1211086224122937,5889797974504,1472449493626,0,0,0,0,0,$24598.582 USD,$4353.421 USD,$208.052 USD,$3.996 USD,$0.019 USD,$0.004 USD,,,,,,0,0,3,66,243,0,0,0,0,0,0,0,0,3,66,243,1008,0,0,0,0,0
112,6,100000000000000000,$1130.171 USD,$999.886 USD,$1074.495 USD, $0.000 USD, $74.608 USD,4072060573059,4070355245529,14983620829972769900,10629137989826692800,1903733659335596500,150476511002595100,3015566604279084,3015566604279084,0,0,0,0,0,7491810414986384950,1328642248728336600,59491676854237390,1175597742207774,5889778523982,1472444630995,0,0,0,0,0,$24722.974 USD,$4384.519 USD,$196.322 USD,$3.879 USD,$0.019 USD,$0.004 USD,,,,,,0,0,3,65,237,0,0,0,0,0,0,0,0,3,65,237,994,0,0,0,0,0
113,6,100000000000000000,$1130.480 USD,$999.886 USD,$1074.494 USD, $0.000 USD, $74.608 USD,4072495259140,4070789749568,15059018042754899800,10704535202608822700,1800655841555014200,149459870541218000,3015888511285196,3015888511285196,0,0,0,0,0,7529509021377449900,1338066900326102837,56270495048594193,1167655238603265,5890407248603,1472601812150,0,0,0,0,0,$24847.379 USD,$4415.620 USD,$185.692 USD,$3.853 USD,$0.019 USD,$0.004 USD,,,,,,0,1,0,58,228,0,0,0,0,0,0,0,1,0,58,228,996,0,0,0,0,0
114,6,100000000000000000,$1130.790 USD,$999.886 USD,$1074.502 USD, $0.000 USD, $74.616 USD,4073184884369,4071479085991,15134428023095218700,9441878282623038700,1876065821895333100,157145847042545500,3016399213612756,3016399213612756,0,0,0,0,0,7567214011547609350,1180234785327879837,58627056934229159,1227701930019886,5891404714087,1472851178521,0,0,0,0,0,$24971.806 USD,$3894.774 USD,$193.469 USD,$4.051 USD,$0.019 USD,$0.004 USD,,,,,,0,0,0,72,250,0,0,0,0,0,0,0,0,0,72,250,996,0,0,0,0,0
115,6,100000000000000000,$1131.100 USD,$999.886 USD,$1074.515 USD, $0.000 USD, $74.629 USD,4071643540222,4069938387339,15209809467355014900,9517259726882834900,1951447266155129300,144132752340908900,3015257770391848,3015257770391848,0,0,0,0,0,7604904733677507450,1189657465860354362,60982727067347790,1126037127663350,5889175332796,1472293833199,0,0,0,0,0,$25096.185 USD,$3925.869 USD,$201.242 USD,$3.715 USD,$0.019 USD,$0.004 USD,,,,,,0,0,0,61,236,0,0,0,0,0,0,0,0,0,61,236,970,0,0,0,0,0
116,6,100000000000000000,$1131.410 USD,$999.886 USD,$1074.487 USD, $0.000 USD, $74.600 USD,4072533476340,4070827950764,15285207387681346400,9592657647209166400,2026845186481460800,150842407879773000,3015916813053260,3015916813053260,0,0,0,0,0,7642603693840673200,1199082205901145800,63338912077545650,1178456311560726,5890462525494,1472615631373,0,0,0,0,0,$25220.592 USD,$3956.971 USD,$209.018 USD,$3.888 USD,$0.019 USD,$0.004 USD,,,,,,0,0,3,69,250,0,0,0,0,0,0,0,0,3,69,250,1013,0,0,0,0,0
117,6,100000000000000000,$1131.720 USD,$999.886 USD,$1074.503 USD, $0.000 USD, $74.617 USD,4071589946186,4069884815747,15360587839713831300,9668038099241651300,1912208902281308600,144909374414562700,3015218081299396,3015218081299396,0,0,0,0,0,7680293919856915650,1208504762405206412,59756528196290893,1132104487613771,5889097815037,1472274453759,0,0,0,0,0,$25344.969 USD,$3988.065 USD,$197.196 USD,$3.735 USD,$0.019 USD,$0.004 USD,,,,,,0,0,1,56,258,0,0,0,0,0,0,0,0,1,56,258,1039,0,0,0,0,0
118,6,100000000000000000,$1132.030 USD,$999.886 USD,$1074.486 USD, $0.000 USD, $74.599 USD,4070931326334,4069226471718,15435956098214375500,9743406357742195500,1927820632585561900,156879781608734100,3014730340021768,3014730340021768,0,0,0,0,0,7717978049107187750,1217925794717774437,60244394768298809,1225623293818235,5888145195355,1472036298838,0,0,0,0,0,$25469.327 USD,$4019.155 USD,$198.806 USD,$4.044 USD,$0.019 USD,$0.004 USD,,,,,,0,0,0,61,254,0,0,0,0,0,0,0,0,0,61,254,1012,0,0,0,0,0
119,6,100000000000000000,$1132.340 USD,$999.886 USD,$1074.474 USD, $0.000 USD, $74.587 USD,4071167681800,4069462728200,15511328732544025400,9818778992071845400,2003193266915211800,157489395015467700,3014905373185996,3014905373185996,0,0,0,0,0,7755664366272012700,1227347374008980675,62599789591100368,1230385898558341,5888487057003,1472121764250,0,0,0,0,0,$25593.692 USD,$4050.246 USD,$206.579 USD,$4.060 USD,$0.019 USD,$0.004 USD,,,,,,0,0,2,61,243,0,0,0,0,0,0,0,0,2,61,243,1008,0,0,0,0,0
120,6,0,$1132.650 USD,$999.886 USD,$1074.478 USD, $0.000 USD, $74.592 USD,4071985891639,4070280595384,15586716515016875800,9894166774544695800,1953381470205861400,157823637676255700,3015511298914016,3015511298914016,0,0,0,0,0,7793358257508437900,1236770846818086975,61043170943933168,1232997169345747,5889670505691,1472417626422,0,0,0,0,0,$25718.082 USD,$4081.343 USD,$201.442 USD,$4.068 USD,$0.019 USD,$0.004 USD,,,,,,0,0,0,0,0,0,0,0,0,0,0,0,0,0,0,0,0,0,0,0,0,0
